{
	"name":"botname",
	"bottype":"jirabot",
	"createproject":
		{
		"key":111,
		"workflowflag":true,
		"admin":"amit",
		"adminid":"U6BS0AGMD"
	 },
	 "badger":{
	 	"key":112,
		"workflowflag":false,
		"admin":"amit",
		"adminid":"U6BS0AGMD"
	},
	"deleteuser":{
		"key":113,
		"workflowflag":true,
		"admin":"amit",
		"adminid":"U6BS0AGMD"
	},
	"createuser":{
		"key":114,
		"workflowflag":true,
		"admin":"amit",
		"adminid":"U6BS0AGMD"
	},
	"deleteproject":{
		"key":115,
		"workflowflag":true,
		"admin":"amit",
		"adminid":"U6BS0AGMD"
	},
	"grantsonar":{
		"key":116,
		"workflowflag":true,
		"admin":"amit",
		"adminid":"U6BS0AGMD"
	},
	"revokesonar":{
		"key":117,
		"workflowflag":true,
		"admin":"amit",
		"adminid":"U6BS0AGMD"
	}
}