{
	"name":"botname",
	"bottype":"ureleasebot",
	"ureleaselistroles":{
		"key":114,
		"workflowflag":false,
		"admin":"priyanka",
		"adminid":"U6B9EF91P"
	},
	"ureleaselist_users":{
		"key":115,
		"workflowflag":false,
		"admin":"chat-group",
		"adminid":"G6SKTPA2Z"
	},
	"ureleaselist_release":{
		"key":116,
		"workflowflag":false,
		"admin":"chat-group",
		"adminid":"G6SKTPA2Z"
	},
	"ureleaselist_application":{
		"key":117,
		"workflowflag":false,
		"admin":"chat-group",
		"adminid":"G6SKTPA2Z"
	},
	"ureleasecreate_app":{
		"key":118,
		"workflowflag":false,
		"admin":"chat-group",
		"adminid":"G6SKTPA2Z"
	},
	"ureleasecreate_release":{
		"key":119,
		"workflowflag":false,
		"admin":"chat-group",
		"adminid":"G6SKTPA2Z"
	},
	"ureleasecreate_role":{
		"key":120,
		"workflowflag":false,
		"admin":"chat-group",
		"adminid":"G6SKTPA2Z"
	},
	"ureleasedelete_application":{
		"key":121,
		"workflowflag":false,
		"admin":"chat-group",
		"adminid":"G6SKTPA2Z"
	},
	"ureleasedelete_release":{
		"key":122,
		"workflowflag":false,
		"admin":"chat-group",
		"adminid":"G6SKTPA2Z"
	},
	"ureleasecreate_user":{
		"key":122,
		"workflowflag":false,
		"admin":"chat-group",
		"adminid":"G6SKTPA2Z"
	},
	"ureleasedelete_user":{
		"key":122,
		"workflowflag":false,
		"admin":"chat-group",
		"adminid":"G6SKTPA2Z"
	},
	"ureleasedelete_role":{
		"key":122,
		"workflowflag":false,
		"admin":"chat-group",
		"adminid":"G6SKTPA2Z"
	},
	"ureleaselist_initiatives":{
		"key":122,
		"workflowflag":false,
		"admin":"chat-group",
		"adminid":"G6SKTPA2Z"
	},
	"ureleasecreate_initiative":{
		"key":122,
		"workflowflag":false,
		"admin":"chat-group",
		"adminid":"G6SKTPA2Z"
	},
	"ureleasedelete_initiatives":{
		"key":122,
		"workflowflag":false,
		"admin":"chat-group",
		"adminid":"G6SKTPA2Z"
	}
	
}