<?xml version='1.0' encoding='UTF-8'?>
<maven2-moduleset plugin="maven-plugin@2.17">
  <actions/>
  <description></description>
  <keepDependencies>false</keepDependencies>
  <properties>
    <hudson.model.ParametersDefinitionProperty>
      <parameterDefinitions>
		<hudson.model.StringParameterDefinition>
          <name>oldparam</name>
          <description>adding new param</description>
          <defaultValue>susmita</defaultValue>
        </hudson.model.StringParameterDefinition>
        <hudson.model.BooleanParameterDefinition>
          <name>new</name>
          <description>testing with boolean param</description>
          <defaultValue>false</defaultValue>
        </hudson.model.BooleanParameterDefinition>
      </parameterDefinitions>
    </hudson.model.ParametersDefinitionProperty>
  </properties>
  <scm class="hudson.plugins.git.GitSCM" plugin="git@3.4.1">
    <configVersion>2</configVersion>
    <userRemoteConfigs>
      <hudson.plugins.git.UserRemoteConfig>
        <url>https://github.com/silverlane/java-maven-junit-helloworld.git</url>
      </hudson.plugins.git.UserRemoteConfig>
    </userRemoteConfigs>
    <branches>
      <hudson.plugins.git.BranchSpec>
        <name>*/master</name>
      </hudson.plugins.git.BranchSpec>
    </branches>
    <doGenerateSubmoduleConfigurations>false</doGenerateSubmoduleConfigurations>
    <submoduleCfg class="list"/>
    <extensions/>
  </scm>
  <canRoam>true</canRoam>
  <disabled>false</disabled>
  <blockBuildWhenDownstreamBuilding>false</blockBuildWhenDownstreamBuilding>
  <blockBuildWhenUpstreamBuilding>false</blockBuildWhenUpstreamBuilding>
  <triggers/>
  <concurrentBuild>false</concurrentBuild>
  <rootModule>
    <groupId>com.example</groupId>
    <artifactId>java-maven-junit-helloworld</artifactId>
  </rootModule>
  <goals>clean package test</goals>
  <aggregatorStyleBuild>true</aggregatorStyleBuild>
  <incrementalBuild>false</incrementalBuild>
  <ignoreUpstremChanges>true</ignoreUpstremChanges>
  <ignoreUnsuccessfulUpstreams>false</ignoreUnsuccessfulUpstreams>
  <archivingDisabled>false</archivingDisabled>
  <siteArchivingDisabled>false</siteArchivingDisabled>
  <fingerprintingDisabled>false</fingerprintingDisabled>
  <resolveDependencies>false</resolveDependencies>
  <processPlugins>false</processPlugins>
  <mavenValidationLevel>-1</mavenValidationLevel>
  <runHeadless>false</runHeadless>
  <disableTriggerDownstreamProjects>false</disableTriggerDownstreamProjects>
  <blockTriggerWhenBuilding>true</blockTriggerWhenBuilding>
  <settings class="jenkins.mvn.DefaultSettingsProvider"/>
  <globalSettings class="jenkins.mvn.DefaultGlobalSettingsProvider"/>
  <reporters/>
  <publishers/>
  <buildWrappers/>
  <prebuilders/>
  <postbuilders>
    <hudson.tasks.Shell>
      <command>echo &quot;my new param value is: $oldparam $new&quot;</command>
    </hudson.tasks.Shell>
  </postbuilders>
  <runPostStepsIfResult>
    <name>FAILURE</name>
    <ordinal>2</ordinal>
    <color>RED</color>
    <completeBuild>true</completeBuild>
  </runPostStepsIfResult>
</maven2-moduleset>