{
	"name":"botname",
	"bottype":"udeploybot",
	"udeploycomponentslist":{
		"key":114,
		"workflowflag":false,
		"admin":"priyanka",
		"adminid":"U6B9EF91P"
	},
	"udeployresourceslist":{
		"key":115,
		"workflowflag":false,
		"admin":"chat-group",
		"adminid":"G6SKTPA2Z"
	},
	"udeployapllicationslist":{
		"key":116,
		"workflowflag":false,
		"admin":"chat-group",
		"adminid":"G6SKTPA2Z"
	},
	"udeploycomponent":{
		"key":117,
		"workflowflag":false,
		"admin":"chat-group",
		"adminid":"G6SKTPA2Z"
	},
	"udeployapplication":{
		"key":118,
		"workflowflag":false,
		"admin":"chat-group",
		"adminid":"G6SKTPA2Z"
	},
	"udeploycomponentapplication":{
		"key":119,
		"workflowflag":false,
		"admin":"chat-group",
		"adminid":"G6SKTPA2Z"
	},
	"udeployenvironmentapplication":{
		"key":120,
		"workflowflag":false,
		"admin":"chat-group",
		"adminid":"G6SKTPA2Z"
	},
	"udeploycreateresource":{
		"key":121,
		"workflowflag":false,
		"admin":"chat-group",
		"adminid":"G6SKTPA2Z"
	},
	"udeploydeleteresource":{
		"key":122,
		"workflowflag":false,
		"admin":"chat-group",
		"adminid":"G6SKTPA2Z"
	},
	"udeploycreaterecomponent":{
		"key":123,
		"workflowflag":false,
		"admin":"chat-group",
		"adminid":"G6SKTPA2Z"
	},
	"udeploycreatereuser":{
		"key":124,
		"workflowflag":false,
		"admin":"chat-group",
		"adminid":"G6SKTPA2Z"
	},
	"udeploydeletereuser":{
		"key":124,
		"workflowflag":false,
		"admin":"chat-group",
		"adminid":"G6SKTPA2Z"
	},
	"udeployshowreuser":{
		"key":124,
		"workflowflag":false,
		"admin":"chat-group",
		"adminid":"G6SKTPA2Z"
	},
	"udeploycreatetoken":{
		"key":124,
		"workflowflag":false,
		"admin":"chat-group",
		"adminid":"G6SKTPA2Z"
	}
	
}