{
	"bottype":"jenkinsbot",
	"start_build":
		{
		"key":111,
		"workflowflag":true,
		"admin":"approver",
		"adminid":"G6TS5UDB2"
	 },
	"delete_job":
		{
		"key":222,
		"workflowflag":true,
		"admin":"approver",
		"adminid":"G6TS5UDB2"
	 },
	"create_job":
		{
		"key":333,
		"workflowflag":true,
		"admin":"approver",
		"adminid":"G6TS5UDB2"
	 },
	 "install_plugin":
		{
		"key":444,
		"workflowflag":true,
		"admin":"approver",
		"adminid":"G6TS5UDB2"
	 },
	 "restart_jenkins":
		{
		"key":555,
		"workflowflag":true,
		"admin":"approver",
		"adminid":"G6TS5UDB2"
	 }
}