{
	"bottype":"jenkinsbot",
	"start_build":
		{
		"key":111,
		"workflowflag":true,
		"admin":"susie",
		"adminid":"U6AFVSDTJ"
	 },
	"delete_job":
		{
		"key":222,
		"workflowflag":true,
		"admin":"titans",
		"adminid":"G6T6P736H"
	 },
	"create_job":
		{
		"key":333,
		"workflowflag":true,
		"admin":"susie",
		"adminid":"U6AFVSDTJ"
	 },
	 "install_plugin":
		{
		"key":444,
		"workflowflag":true,
		"admin":"susie",
		"adminid":"U6AFVSDTJ"
	 },
	 "restart_jenkins":
		{
		"key":555,
		"workflowflag":true,
		"admin":"susie",
		"adminid":"U6AFVSDTJ"
	 }
}