{
	"name":"botname",
	"bottype":"slackbot",
	"adduser":{
		"key":114,
		"workflowflag":true,
		"admin":"anunandhini",
		"adminid":"U6CDRFR0F"
	},
	"removeuser":{
		"key":114,
		"workflowflag":true,
		"admin":"anunandhini",
		"adminid":"U6CDRFR0F"
	},
	"archivechannel":{
		"key":114,
		"workflowflag":true,
		"admin":"anunandhini",
		"adminid":"U6CDRFR0F"
	},"printconv":{
		"key":114,
		"workflowflag":false,
		"admin":"anunandhini",
		"adminid":"U6CDRFR0F"
	},"archivechannel":{
		"key":114,
		"workflowflag":true,
		"admin":"anunandhini",
		"adminid":"U6CDRFR0F"
	},"archivechannel":{
		"key":114,
		"workflowflag":true,
		"admin":"anunandhini",
		"adminid":"U6CDRFR0F"
	},"archivechannel":{
		"key":114,
		"workflowflag":true,
		"admin":"anunandhini",
		"adminid":"U6CDRFR0F"
	},"archivechannel":{
		"key":114,
		"workflowflag":true,
		"admin":"anunandhini",
		"adminid":"U6CDRFR0F"
	},
}