{
	"name":"botname",
	"bottype":"xlrelease",
	"release":{
		"key":114,
		"workflowflag":false,
		"admin":"anunandhini",
		"adminid":"U6ATR15K3"
	},"phase":{
		"key":114,
		"workflowflag":false,
		"admin":"mygroup",
		"adminid":"G6SDZAY7K"
	},"task":{
		"key":114,
		"workflowflag":false,
		"admin":"anunandhini",
		"adminid":"U6ATR15K3"
	},"template":{
		"key":114,
		"workflowflag":false,
		"admin":"anunandhini",
		"adminid":"U6ATR15K3"
	},"releasestart":{
		"key":115,
		"workflowflag":false,
		"admin":"anunandhini",
		"adminid":"U6ATR15K3"
	},"commenttask":{
		"key":116,
		"workflowflag":false,
		"admin":"anunandhini",
		"adminid":"U6ATR15K3"
	},"assigntask":{
		"key":117,
		"workflowflag":false,
		"admin":"anunandhini",
		"adminid":"U6ATR15K3"
	},
	"comlpetetask":{
		"key":118,
		"workflowflag":false,
		"admin":"anunandhini",
		"adminid":"U6ATR15K3"
	},
	"taskstart":{
		"key":118,
		"workflowflag":false,
		"admin":"anunandhini",
		"adminid":"U6ATR15K3"
	},
	"deltask":{
		"key":118,
		"workflowflag":false,
		"admin":"anunandhini",
		"adminid":"U6ATR15K3"
	},
	"delrelease":{
		"key":118,
		"workflowflag":false,
		"admin":"anunandhini",
		"adminid":"U6ATR15K3"
	},
	"deltemplate":{
		"key":118,
		"workflowflag":false,
		"admin":"anunandhini",
		"adminid":"U6ATR15K3"
	},
	"getbytiltle":{
		"key":118,
		"workflowflag":false,
		"admin":"anunandhini",
		"adminid":"U6ATR15K3"
	}

}