{
	"name":"botname",
	"bottype":"jenkinsbot",
	"jenkinsBuild":{
		"key":114,
		"workflowflag":true,
		"admin":"priyanka",
		"adminid":"U6B9EF91P"
	},
	"listnexusrepos":{
		"key":115,
		"workflowflag":false,
		"admin":"chat-group",
		"adminid":"G6SKTPA2Z"
	},
	"listnexusreposome":{
		"key":116,
		"workflowflag":false,
		"admin":"chat-group",
		"adminid":"G6SKTPA2Z"
	},
	"listnexususer":{
		"key":117,
		"workflowflag":false,
		"admin":"chat-group",
		"adminid":"G6SKTPA2Z"
	},
	"listnexususersome":{
		"key":118,
		"workflowflag":false,
		"admin":"chat-group",
		"adminid":"G6SKTPA2Z"
	},
	"createnexusrepo":{
		"key":119,
		"workflowflag":true,
		"admin":"chat-group",
		"adminid":"G6SKTPA2Z"
	},
	"deletenexusrepo":{
		"key":120,
		"workflowflag":false,
		"admin":"chat-group",
		"adminid":"G6SKTPA2Z"
	},
	"createnexususer":{
		"key":121,
		"workflowflag":true,
		"admin":"chat-group",
		"adminid":"G6SKTPA2Z"
	},
	"deletenexususer":{
		"key":122,
		"workflowflag":true,
		"admin":"chat-group",
		"adminid":"G6SKTPA2Z"
	},
	"createnexusprivilege":{
		"key":123,
		"workflowflag":true,
		"admin":"chat-group",
		"adminid":"G6SKTPA2Z"
	},
	"listnexusprivilege":{
		"key":124,
		"workflowflag":false,
		"admin":"chat-group",
		"adminid":"G6SKTPA2Z"
	}
	
}