{
	"name":"botname",
	"bottype":"rundeckbot",
	"createproject":{
		"key":114,
		"workflowflag":true,
		"admin":"anunandhini",
		"adminid":"U6ATR15K3"
	},"runjob":{
		"key":114,
		"workflowflag":true,
		"admin":"mygroup",
		"adminid":"G6SDZAY7K"
	},"deleteproject":{
		"key":114,
		"workflowflag":true,
		"admin":"anunandhini",
		"adminid":"U6ATR15K3"
	},"deletejob":{
		"key":114,
		"workflowflag":true,
		"admin":"anunandhini",
		"adminid":"U6ATR15K3"
	},"listjob":{
		"key":115,
		"workflowflag":false,
		"admin":"anunandhini",
		"adminid":"U6ATR15K3"
	},"listproject":{
		"key":116,
		"workflowflag":false,
		"admin":"anunandhini",
		"adminid":"U6ATR15K3"
	},"getconfig":{
		"key":117,
		"workflowflag":false,
		"admin":"anunandhini",
		"adminid":"U6ATR15K3"
	},
	"projecthistory":{
		"key":118,
		"workflowflag":false,
		"admin":"anunandhini",
		"adminid":"U6ATR15K3"
	}

}