{
	"name":"botname",
	"bottype":"jenkinsbot",
	"start_build":
		{
		"key":111,
		"workflowflag":true,
		"admin":"anu",
		"adminid":"U5TBL6H4K"
	 },
	 "badger":{
	 	"key":112,
		"workflowflag":false,
		"admin":"anu",
		"adminid":"U5TBL6H4K"
	},
	"noyes":{
		"key":113,
		"workflowflag":true,
		"admin":"priyanka",
		"adminid":"U6B9EF91P"
	},
	"jenkinsBuild":{
		"key":114,
		"workflowflag":true,
		"admin":"priyanka",
		"adminid":"U6B9EF91P"
	},
	"printconversation":{
		"key":114,
		"workflowflag":true,
		"admin":"anunandhini",
		"adminid":"U6CDRFR0F"
	},
	"createproject":{
		"key":114,
		"workflowflag":true,
		"admin":"anunandhini",
		"adminid":"U6ATR15K3"
	},"runjob":{
		"key":114,
		"workflowflag":true,
		"admin":"mygroup",
		"adminid":"G6SDZAY7K"
	},"deleteproject":{
		"key":114,
		"workflowflag":true,
		"admin":"anunandhini",
		"adminid":"U6ATR15K3"
	},"deletejob":{
		"key":114,
		"workflowflag":true,
		"admin":"anunandhini",
		"adminid":"U6ATR15K3"
	},
	"listjob":{
		"key":115,
		"workflowflag":false,
		"admin":"anunandhini",
		"adminid":"U6ATR15K3"
	},
	"listproject":{
		"key":116,
		"workflowflag":false,
		"admin":"anunandhini",
		"adminid":"U6ATR15K3"
	},
	"getconfig":{
		"key":117,
		"workflowflag":false,
		"admin":"anunandhini",
		"adminid":"U6ATR15K3"
	},
	"projecthistory":{
		"key":118,
		"workflowflag":false,
		"admin":"anunandhini",
		"adminid":"U6ATR15K3"
	}

}