{
	"name":"botname",
	"bottype":"jenkinsbot",
	"start_build":
		{
		"key":111,
		"workflowflag":true,
		"admin":"anu",
		"adminid":"U5TBL6H4K"
	 },
	 "badger":{
	 	"key":112,
		"workflowflag":false,
		"admin":"anu",
		"adminid":"U5TBL6H4K"
	},
	"noyes":{
		"key":113,
		"workflowflag":true,
		"admin":"priyanka",
		"adminid":"U6B9EF91P"
	},
	"jenkinsBuild":{
		"key":114,
		"workflowflag":true,
		"admin":"priyanka",
		"adminid":"U6B9EF91P"
	},
	"printconversation":{
		"key":114,
		"workflowflag":true,
		"admin":"anunandhini",
		"adminid":"U6CDRFR0F"
	},
	"createproject":{
		"key":114,
		"workflowflag":true,
		"admin":"anunandhini",
		"adminid":"U6CDRFR0F"
	},"runjob":{
		"key":114,
		"workflowflag":true,
		"admin":"adminapprover",
		"adminid":"G6SH6RR6G"
	},"deleteproject":{
		"key":114,
		"workflowflag":true,
		"admin":"anunandhini",
		"adminid":"U6CDRFR0F"
	},"deletejob":{
		"key":114,
		"workflowflag":true,
		"admin":"anunandhini",
		"adminid":"U6CDRFR0F"
	}
}