{
	"name":"botname",
	"bottype":"xldeploybot",
	"deploy":
		{
		"key":111,
		"workflowflag":false,
		"admin":"approver",
		"adminid":"G6TS5UDB2"
	 },
	 "create":{
	 	"key":112,
		"workflowflag":false,
		"admin":"approver",
		"adminid":"G6TS5UDB2"
	},
	"update":{
		"key":113,
		"workflowflag":false,
		"admin":"approver",
		"adminid":"G6TS5UDB2"
	},
	"undeploy":{
		"key":114,
		"workflowflag":false,
		"admin":"approver",
		"adminid":"G6TS5UDB2"
	},"deleterepo":{
		"key":114,
		"workflowflag":false,
		"admin":"approver",
		"adminid":"G6TS5UDB2"
	},"createrole":{
		"key":114,
		"workflowflag":false,
		"admin":"approver",
		"adminid":"G6TS5UDB2"
	},"deleterole":{
		"key":114,
		"workflowflag":false,
		"admin":"approver",
		"adminid":"G6TS5UDB2"
	},"getrole":{
		"key":114,
		"workflowflag":false,
		"admin":"approver",
		"adminid":"G6TS5UDB2"
	},"getuser":{
		"key":114,
		"workflowflag":false,
		"admin":"approver",
		"adminid":"G6TS5UDB2"
	},"createuser":{
		"key":114,
		"workflowflag":false,
		"admin":"approver",
		"adminid":"G6TS5UDB2"
	},"deleteuser":{
		"key":114,
		"workflowflag":false,
		"admin":"approver",
		"adminid":"G6TS5UDB2"
	},"assignrole":{
		"key":114,
		"workflowflag":false,
		"admin":"approver",
		"adminid":"G6TS5UDB2"
	},"delassignrole":{
		"key":114,
		"workflowflag":false,
		"admin":"approver",
		"adminid":"G6TS5UDB2"
	},"getrepo":{
		"key":114,
		"workflowflag":false,
		"admin":"approver",
		"adminid":"G6TS5UDB2"
	}
}