{
	"name":"botname",
	"bottype":"jenkinsbot",
	"start_build":
		{
		"key":111,
		"workflowflag":true,
		"admin":"anu",
		"adminid":"U5TBL6H4K"
	 },
	 "badger":{
	 	"key":112,
		"workflowflag":false,
		"admin":"anu",
		"adminid":"U5TBL6H4K"
	},
	"noyes":{
		"key":113,
		"workflowflag":true,
		"admin":"priyanka",
		"adminid":"U6B9EF91P"
	},
	"jenkinsBuild":{
		"key":114,
		"workflowflag":true,
		"admin":"priyanka",
		"adminid":"U6B9EF91P"
	},
	"printscalrfarm":{
		"key":115,
		"workflowflag":true,
		"admin":"chat-group",
		"adminid":"G6SKTPA2Z"
	}
}