{
	"name":"botname",
	"bottype":"jenkinsbot",
	"start_build":
		{
		"key":111,
		"workflowflag":true,
		"admin":"anu",
		"adminid":"U5TBL6H4K"
	 },
	 "badger":{
	 	"key":112,
		"workflowflag":false,
		"admin":"anu",
		"adminid":"U5TBL6H4K"
	},
	"noyes":{
		"key":113,
		"workflowflag":true,
		"admin":"priyanka",
		"adminid":"U6B9EF91P"
	},
	"jenkinsBuild":{
		"key":114,
		"workflowflag":true,
		"admin":"priyanka",
		"adminid":"U6B9EF91P"
	},
	"printscalrfarm":{
		"key":115,
		"workflowflag":true,
		"admin":"chat-group-app",
		"adminid":"G6SKTPA2Z"
	},
	"printscalrscripts":{
		"key":116,
		"workflowflag":false,
		"admin":"chat-group-app",
		"adminid":"G6SKTPA2Z"
	},
	"printscalrspecificfarm":{
		"key":116,
		"workflowflag":true,
		"admin":"chat-group-app",
		"adminid":"G6SKTPA2Z"
	},
	"printscalrserver":{
		"key":116,
		"workflowflag":true,
		"admin":"chat-group-app",
		"adminid":"G6SKTPA2Z"
	},
	"printscalrroles":{
		"key":116,
		"workflowflag":true,
		"admin":"chat-group-app",
		"adminid":"G6SKTPA2Z"
	},
	"createscalrfarm":{
		"key":117,
		"workflowflag":true,
		"admin":"chat-group-app",
		"adminid":"G6SKTPA2Z"
	},
	"createscalrroleinfarm":{
		"key":118,
		"workflowflag":false,
		"admin":"chat-group-app",
		"adminid":"G6SKTPA2Z"
	},
	"deletescalrfarm":{
		"key":119,
		"workflowflag":true,
		"admin":"chat-group-app",
		"adminid":"G6SKTPA2Z"
	},
	"launchscalrfarm":{
		"key":120,
		"workflowflag":true,
		"admin":"chat-group-app",
		"adminid":"G6SKTPA2Z"
	},
	"suspendscalrfarm":{
		"key":120,
		"workflowflag":true,
		"admin":"chat-group-app",
		"adminid":"G6SKTPA2Z"
	},
	"terminatecalrfarm":{
		"key":120,
		"workflowflag":true,
		"admin":"chat-group-app",
		"adminid":"G6SKTPA2Z"
	},
	"resumescalrfarm":{
		"key":120,
		"workflowflag":true,
		"admin":"chat-group-app",
		"adminid":"G6SKTPA2Z"
	}
	
}