{
	"bottype":"githubbot",
	"create_branch":
		{
		"key":111,
		"workflowflag":true,
		"admin":"titans",
		"adminid":"G6T6P736H"
	 },
	 "delete_branch":
		{
		"key":222,
		"workflowflag":true,
		"admin":"titans",
		"adminid":"G6T6P736H"
	 },
	 "create_repo":
	 {
		"key":333,
		"workflowflag":true,
		"admin":"titans",
		"adminid":"G6T6P736H"
	 },
	 "delete_repo":
	 {
		"key":444,
		"workflowflag":true,
		"admin":"titans",
		"adminid":"G6T6P736H"
	 },
	 "invite":
	 {
		"key":555,
		"workflowflag":true,
		"admin":"titans",
		"adminid":"G6T6P736H"
	 }
}