{
	"name":"botname",
	"bottype":"jirabot",
	"jiracreateissue":
		{
		"key":111,
		"workflowflag":true,
		"admin":"amit",
		"adminid":"U6BS0AGMD"
	 },
	 "badger":{
	 	"key":112,
		"workflowflag":false,
		"admin":"Approver",
		"adminid":"G6TS5UDB2"
	},
	"jiraaddcomment":{
		"key":113,
		"workflowflag":true,
		"admin":"amit",
		"adminid":"U6BS0AGMD"
	},
	"jiraassignissue":{
		"key":114,
		"workflowflag":true,
		"admin":"Approver",
		"adminid":"G6TS5UDB2"
	},
	"jiraeditissue":{
		"key":115,
		"workflowflag":true,
		"admin":"amit",
		"adminid":"U6BS0AGMD"
	},
	"jiraupdatesummary":{
		"key":116,
		"workflowflag":true,
		"admin":"amit",
		"adminid":"U6BS0AGMD"
	},
	"status":{
		"key":117,
		"workflowflag":false,
		"admin":"amit",
		"adminid":"U6BS0AGMD"
	},
	"jirachangestatus":{
		"key":118,
		"workflowflag":true,
		"admin":"amit",
		"adminid":"U6BS0AGMD"
	}
}