{
	"name":"botname",
	"bottype":"jirabot",
	"createissue":
		{
		"key":111,
		"workflowflag":true,
		"admin":"amit",
		"adminid":"U6BS0AGMD"
	 },
	 "badger":{
	 	"key":112,
		"workflowflag":false,
		"admin":"amit",
		"adminid":"U6BS0AGMD"
	},
	"addcomment":{
		"key":113,
		"workflowflag":true,
		"admin":"amit",
		"adminid":"U6BS0AGMD"
	},
	"assignissue":{
		"key":114,
		"workflowflag":true,
		"admin":"amit",
		"adminid":"U6BS0AGMD"
	},
	"editissue":{
		"key":115,
		"workflowflag":true,
		"admin":"amit",
		"adminid":"U6BS0AGMD"
	},
	"updatesummary":{
		"key":116,
		"workflowflag":true,
		"admin":"amit",
		"adminid":"U6BS0AGMD"
	},
	"status":{
		"key":117,
		"workflowflag":true,
		"admin":"amit",
		"adminid":"U6BS0AGMD"
	},
	"changestatus":{
		"key":118,
		"workflowflag":true,
		"admin":"amit",
		"adminid":"U6BS0AGMD"
	}
}