{
	"name":"botname",
	"bottype":"gitlab",
	"gitlabcreateproject":
		{
		"key":111,
		"workflowflag":true,
		"admin":"amit",
		"adminid":"U6BS0AGMD"
	 },
	 "badger":{
	 	"key":112,
		"workflowflag":false,
		"admin":"amit",
		"adminid":"U6BS0AGMD"
	},
	"gitlabdeleteproject":{
		"key":113,
		"workflowflag":true,
		"admin":"amit",
		"adminid":"U6BS0AGMD"
	},
	"gitlabadduser":{
		"key":114,
		"workflowflag":true,
		"admin":"amit",
		"adminid":"U6BS0AGMD"
	},
	"gitlabdeleteuser":{
		"key":115,
		"workflowflag":true,
		"admin":"amit",
		"adminid":"U6BS0AGMD"
	},
	"gitlabcreatebranch":{
		"key":116,
		"workflowflag":true,
		"admin":"amit",
		"adminid":"U6BS0AGMD"
	},
	"gitlabdeletebranch":{
		"key":118,
		"workflowflag":true,
		"admin":"amit",
		"adminid":"U6BS0AGMD"
	}
}